x,y
게임,현실형
공간,현실형
결과,현실형
기술,현실형
기술자,현실형
산업,현실형
정보,현실형
공학,현실형
개발,현실형
생명공학,현실형
디지털,현실형
설계,현실형
건축,현실형
화학공학,현실형
프로그램,현실형
응용,현실형
신체,현실형
행동,현실형
컴퓨터,현실형
에너지,현실형
로봇,현실형
제작,현실형
창의성,현실형
제품,현실형
관찰,현실형
드론,현실형
상품,현실형
시스템,현실형
기계공학,현실형
보안,현실형
가공,현실형
실습,현실형
빅데이터,현실형
기계,현실형
협동,현실형
동물,현실형
조립,현실형
전자공학,현실형
풀기,현실형
활동,현실형
행동,현실형
자극,현실형
실천,현실형
캠프,현실형
테스트,현실형
부분,현실형
포렌식,현실형
인터넷,현실형
배포,현실형
개인정보,현실형
제작,현실형
개발,현실형
보안,현실형
정보공학,현실형
정보화,현실형
체험,현실형
재생,현실형
태양광,현실형
패널,현실형
자원,현실형
해결,현실형
현실,현실형
무기,현실형
생산,현실형
농업,현실형
트랙터,현실형
경험,현실형
중점,현실형
주거,현실형
스마트홈,현실형
스위치,현실형
생활,현실형
식품,현실형
벤처기업,현실형
현실,현실형
완벽,현실형
에너지공학,현실형
환경공학,현실형
공정,현실형
분석,현실형
엔지니어,현실형
천연자원,현실형
장치,현실형
제어,현실형
운용,현실형
생산,현실형
원료,현실형
생산품,현실형
품질,현실형
편리한,현실형
건물,현실형
인테리어,현실형
일상생활,현실형
건축학,현실형
소재,현실형
건축사,현실형
신재생에너지,현실형
코딩,현실형
코드,현실형
편리하게,현실형
아이디어,현실형
만들기,현실형
새로운,현실형
참가,현실형
프로토타입,현실형
산업혁명,현실형
첨단,현실형
안면,현실형
인식,현실형
식별,현실형
비밀번호,현실형
운동,현실형
체력,현실형
실제,현실형
반도체,현실형
전자기기,현실형
곡식,현실형
재배,현실형
건축사,현실형
농작물,현실형
주택,현실형
기능,현실형
대지,현실형
평면,현실형
단면,현실형
설비,현실형
과학,탐구형
수학,탐구형
화학,탐구형
생명과학,탐구형
화장품,탐구형
연구원,탐구형
의사,탐구형
분석,탐구형
식품,탐구형
조사,탐구형
사실,탐구형
문제,탐구형
생명과학,탐구형
수의사,탐구형
이유,탐구형
의료,탐구형
치과의사,탐구형
물리,탐구형
자연,탐구형
의학,탐구형
실험,탐구형
환경,탐구형
수의학,탐구형
미적분,탐구형
교수,탐구형
연구소,탐구형
창의성,탐구형
질병,탐구형
생물,탐구형
관찰,탐구형
생명체,탐구형
해부,탐구형
실습,탐구형
빅데이터,탐구형
협동,탐구형
토론,탐구형
연구,탐구형
연구비,탐구형
확률,탐구형
통계,탐구형
의예,탐구형
생명,탐구형
개념,탐구형
발생,탐구형
물화,탐구형
시간,탐구형
약사,탐구형
약,탐구형
이해,탐구형
지능,탐구형
결과물,탐구형
암호학,탐구형
메타,탐구형
양상,탐구형
전기,탐구형
이해,탐구형
병원,탐구형
약국,탐구형
제조,탐구형
환자,탐구형
약,탐구형
성분,탐구형
수집,탐구형
통제,탐구형
창의력,탐구형
다양한,탐구형
중점,탐구형
공간,탐구형
질문,탐구형
기록,탐구형
생명과학,탐구형
학위,탐구형
생명체,탐구형
화학반응,탐구형
제약회사,탐구형
부설,탐구형
연구기관,탐구형
의문,탐구형
논문,탐구형
현상,탐구형
공식,탐구형
원리,탐구형
물질,탐구형
과정,탐구형
조물,탐구형
분자,탐구형
신소재,탐구형
실험,탐구형
조사,탐구형
논리,탐구형
해석,탐구형
포스터,탐구형
전문가,탐구형
동물,탐구형
식물,탐구형
유전자,탐구형
생화학,탐구형
기초,탐구형
원소,탐구형
최소,탐구형
분해,탐구형
치아,탐구형
뼈,탐구형
약물,탐구형
과학자,탐구형
단계,탐구형
보고서,탐구형
홍채,탐구형
토대,탐구형
천연자원,탐구형
도시,탐구형
재생,탐구형
모델링,탐구형
친환경,탐구형
소재,탐구형
탄소,탐구형
녹색,탐구형
그린,탐구형
자연,탐구형
중추,탐구형
신경,탐구형
학습,탐구형
영상,예술형
신체,예술형
행동,예술형
음악,예술형
미술,예술형
운동,예술형
마음,예술형
디자인,예술형
디자인학,예술형
작가,예술형
국어,예술형
책,예술형
글,예술형
강의,예술형
매력,예술형
촬영,예술형
시청,예술형
패션,예술형
예술,예술형
민감,예술형
창의성,예술형
영화,예술형
악기,예술형
감,예술형
정신,예술형
관찰,예술형
표현,예술형
도서,예술형
정신,예술형
감상,예술형
감독,예술형
협동,예술형
자유,예술형
창작,예술형
문예,예술형
댄스,예술형
무대,예술형
작성,예술형
인터뷰,예술형
획일,예술형
서평,예술형
출판사,예술형
저자,예술형
여행,예술형
영상,예술형
웹툰작가,예술형
파스타,예술형
요리,예술형
배포,예술형
제작,예술형
사진,예술형
피아노,예술형
이야기,예술형
피아니스트,예술형
글,예술형
스토리,예술형
판타지,예술형
소설,예술형
허구,예술형
구상,예술형
언어,예술형
고증,예술형
방송,예술형
문화,예술형
프로듀서,예술형
연극,예술형
뮤지컬,예술형
독창,예술형
아이디어,예술형
잡지사,예술형
방송국,예술형
진출,예술형
스토리텔링,예술형
보도,예술형
경험,예술형
공간,예술형
주거,예술형
독서,예술형
배우,예술형
유명한,예술형
슬픈,예술형
연결,예술형
다쿠멘터리,예술형
관객,예술형
인테리어,예술형
광고,예술형
홍보,예술형
기록물,예술형
팝아트,예술형
포스터,예술형
작품,예술형
배경음악,예술형
창작,예술형
드럼,예술형
베이스,예술형
건반,예술형
기타,예술형
공유,예술형
장르,예술형
유투버,예술형
연설,예술형
그리기,예술형
듣기,예술형
예능,예술형
연기,예술형
노래,예술형
연기자,예술형
드라마,예술형
연재,예술형
그림,예술형
콘티,예술형
데생,예술형
명암,예술형
배경,예술형
묘사,예술형
연출가,예술형
성우,예술형
예술,예술형
예술가,예술형
조형,예술형
무용,예술형
교사,사회형
학교,사회형
간호사,사회형
사회,사회형
선생님,사회형
언어,사회형
치료,사회형
조사,사회형
생활,사회형
이유,사회형
환자,사회형
마음,사회형
고민,사회형
복지사,사회형
개인,사회형
대인관계,사회형
관계,사회형
간호학,사회형
보건,사회형
예방,사회형
대인관계,사회형
간호,사회형
치위생사,사회형
상담,사회형
질병,사회형
건강,사회형
심리,사회형
관찰,사회형
심리학,사회형
교육과정,사회형
방사선,사회형
승무원,사회형
회복,사회형
실습,사회형
대인,사회형
화합,사회형
친목,사회형
기법,사회형
생명,사회형
동기부여,사회형
설명,사회형
도움,사회형
의견,사회형
교사,사회형
담임,사회형
코칭,사회형
주사,사회형
자기,사회형
인지,사회형
성찰,사회형
시대,사회형
사람,사회형
환경,사회형
관심,사회형
이해,사회형
연관,사회형
도운,사회형
환자,사회형
꼼꼼히,사회형
교육,사회형
서비스,사회형
조사,사회형
문화,사회형
대처,사회형
수용,사회형
태도,사회형
원만한,사회형
교육학,사회형
이해,사회형
상대방,사회형
입장,사회형
경험,사회형
조언,사회형
생활,사회형
가족,사회형
동아리,사회형
급식,사회형
학생회,사회형
협동,사회형
견해,사회형
다른,사회형
고민,사회형
사회,사회형
보람,사회형
이해,사회형
넓은,사회형
걱정,사회형
인문학,사회형
기법,사회형
관계,사회형
공유,사회형
기원,사회형
자아,사회형
인맥,사회형
주변,사회형
사람,사회형
듣기,사회형
친구,사회형
고민,사회형
종교,사회형
성별,사회형
인종,사회형
차별,사회형
혐오,사회형
모욕감,사회형
불쾌감,사회형
관계,사회형
훼손,사회형
공감,사회형
입장,사회형
유치원,사회형
물리치료사,사회형
학원,사회형
노후,사회형
추억,사회형
국문학,사회형
신문,사회형
영어,진취형
과정,진취형
설명,진취형
꿈,진취형
관리,진취형
계획,진취형
법,진취형
목표,진취형
실천,진취형
과제,진취형
자격,진취형
기획,진취형
광고,진취형
관광,진취형
업체,진취형
직원,진취형
활용,진취형
법조인,진취형
도전,진취형
창의성,진취형
홍보,진취형
변호사,진취형
돈,진취형
언어능력,진취형
국제,진취형
호텔,진취형
서비스,진취형
빅데이터,진취형
승객,진취형
희망,진취형
지도,진취형
협동,진취형
요구,진취형
영업,진취형
판매,진취형
정치,진취형
경영,진취형
경제,진취형
기존,진취형
진취적,진취형
의견,진취형
보고서,진취형
방향성,진취형
관련,진취형
미래,진취형
재판,진취형
사법고시,진취형
검사,진취형
판사,진취형
사시,진취형
생기,진취형
활발히,진취형
생각,진취형
말,진취형
국어,진취형
정의,진취형
형평성,진취형
도움,진취형
통역사,진취형
외국어,진취형
세계,진취형
설정,진취형
번역,진취형
마케팅,진취형
외교관,진취형
외국,진취형
파견,진취형
정치,진취형
통상,진취형
유행,진취형
통솔력,진취형
영어,진취형
기업,진취형
수출,진취형
진출,진취형
가치,진취형
설득,진취형
어휘량,진취형
고객,진취형
벤처기업,진취형
소통,진취형
협력,진취형
대기업,진취형
동네,진취형
희망,진취형
구체,진취형
경영학,진취형
광고,진취형
공유,진취형
예상,진취형
재무,진취형
열풍,진취형
사회,진취형
책임,진취형
제조업체,진취형
효과,진취형
광고주,진취형
아이디어,진취형
원금,진취형
자금,진취형
사업,진취형
자본,진취형
적자,진취형
인권,진취형
존종,진취형
소비자,진취형
지혜,진취형
발표,진취형
가능성,진취형
해외,진취형
중국어,진취형
스페인어,진취형
창조,진취형
경제성,진취형
로스쿨,진취형
돈,진취형
법원,진취형
국제,진취형
무역,진취형
검사,관습형
경찰,관습형
수사,관습형
공무원,관습형
경찰관,관습형
군인,관습형
범죄,관습형
관리,관습형
행정,관습형
논리,관습형
필수,관습형
회계사,관습형
자료,관습형
형사,관습형
사서,관습형
안전,관습형
사관학교,관습형
국가,관습형
나라,관습형
가치,관습형
역사,관습형
기관,관습형
행정학,관습형
안전,관습형
봉사,관습형
계획,관습형
법조인,관습형
은행,관습형
양심,관습형
정의,관습형
시행,관습형
안정,관습형
훈련,관습형
정리,관습형
매뉴얼,관습형
절차,관습형
감사,관습형
포렌식,관습형
지능,관습형
명제,관습형
습관,관습형
법,관습형
필수요소,관습형
일상생활,관습형
진지하게,관습형
시간,관습형
개인정보,관습형
유출,관습형
정보,관습형
사생활,관습형
침해,관습형
범죄자,관습형
악용,관습형
개인,관습형
법도,관습형
조항,관습형
꼼꼼히,관습형
확인,관습형
행정,관습형
법무,관습형
법무사,관습형
정의,관습형
행정학,관습형
전쟁,관습형
전범,관습형
고증,관습형
국가,관습형
문화,관습형
오해,관습형
수입,관습형
통역사,관습형
세계사,관습형
기록,관습형
교무실,관습형
공채,관습형
세밀,관습형
경찰관,관습형
경찰대,관습형
신체,관습형
통념,관습형
안정,관습형
고시원,관습형
감수,관습형
위인,관습형
국민,관습형
명예,관습형
부모님,관습형
자기,관습형
공공시설,관습형
기관,관습형
서류,관습형
감사,관습형
공인,관습형
책임,관습형
정부,관습형
크라임썬,관습형
추리,관습형
사건,관습형
수법,관습형
신속,관습형
공정,관습형
성실,관습형
피해자,관습형
싸이코패스,관습형
범행,관습형
육군,관습형
군사학,관습형
장교,관습형
군인,관습형
범인,관습형
평화,관습형
면허,관습형
시청,관습형
안정성,관습형
실무,관습형
서류,관습형
변리사,관습형
특허,관습형
사무,관습형
